year,cpi
2000,172.1916666666667
2001,177.04166666666666
2002,179.86666666666665
2003,184.0
2004,188.90833333333333
2005,195.26666666666665
2006,201.55833333333337
2007,207.34416666666667
2008,215.25424999999998
2009,214.56466666666665
2010,218.07616666666664
2011,224.923
2012,229.58608333333336
2013,232.95174999999998
2014,236.71499999999995
2015,237.00175000000002
2016,239.98916666666665
2017,245.1213333333333
2018,251.10141666666664
2019,255.65075000000002
